{
    "french_onion_soup": 0.18576051779935274,
    "tuna_tartare": 0.12922222222222224,
    "waffles": 0.20055555555555557,
    "map@5": 0.1718460985257102
}