{
    "french_onion_soup": 0.12019417475728156,
    "tuna_tartare": 0.04992592592592592,
    "waffles": 0.1375925925925926,
    "map@5": 0.10257089775860002
}