{
    "french_onion_soup": 0.30236245954692553,
    "tuna_tartare": 0.22462962962962962,
    "waffles": 0.263037037037037,
    "map@5": 0.26334304207119735
}