label,map@1,map@2,map@3,map@4,map@5
artwork,0.49,0.40875,0.3780555555555555,0.36416666666666664,0.34453333333333336
toys,0.5325443786982249,0.5029585798816568,0.48586456278763973,0.475714990138067,0.465069033530572
others,0.7204658901830283,0.6967554076539102,0.6887594749491588,0.6769273433166944,0.6677315585135885
furniture,0.7422680412371134,0.7100515463917526,0.6973081328751431,0.6859965635738832,0.6760137457044674
storefronts,0.7017543859649122,0.6052631578947368,0.5789473684210527,0.5745614035087719,0.5621052631578948
landmarks,0.68,0.62375,0.6263888888888889,0.6219791666666666,0.6213833333333334
packaged_goods,0.4074074074074074,0.37037037037037035,0.35802469135802467,0.3472222222222222,0.3185185185185185
dishes,0.89,0.87875,0.8730555555555556,0.8672916666666667,0.8668333333333333
apparel,0.7910447761194029,0.7649253731343284,0.7542841348811499,0.7510364842454396,0.7502819237147595
