label,map@1,map@2,map@3,map@4,map@5
french_onion_soup,0.2912621359223301,0.24271844660194175,0.21898597626752964,0.20550161812297732,0.18576051779935274
tuna_tartare,0.25555555555555554,0.21388888888888888,0.1648148148148148,0.14097222222222222,0.12922222222222224
waffles,0.25555555555555554,0.2388888888888889,0.2148148148148148,0.20069444444444445,0.20055555555555557
