label,map@1,map@2,map@3,map@4,map@5
artwork,1.0,0.89,0.8555555555555556,0.8382291666666667,0.8261833333333334
toys,1.0,0.878698224852071,0.8224852071005917,0.7991863905325444,0.7763905325443787
others,1.0,0.9367720465890182,0.911998520983546,0.8960413200221853,0.8855518580144205
furniture,1.0,0.9768041237113402,0.9730813287514318,0.9695017182130584,0.967147766323024
storefronts,1.0,0.9473684210526315,0.9356725146198831,0.9254385964912281,0.9228070175438596
landmarks,1.0,0.93,0.91,0.8946875,0.87835
packaged_goods,1.0,0.8518518518518519,0.7962962962962963,0.7465277777777778,0.7098148148148148
dishes,1.0,0.98,0.9655555555555556,0.9566666666666667,0.9525333333333333
apparel,1.0,0.9651741293532339,0.9563294637921503,0.9532545605306799,0.9490713101160861
