{"daisy": 0.5606962025316455, "dandelion": 0.911598002496879, "roses": 0.7161325966850829, "sunflowers": 0.8088172043010753, "tulips": 0.7566346153846154, "map@5": 0.7507757242798595}