map@1,map@2,map@3,map@4,map@5
1.0,0.8006329113924051,0.6751054852320675,0.6071993670886076,0.5606962025316455
1.0,0.9588014981273408,0.9330004161464835,0.920958177278402,0.911598002496879
1.0,0.8729281767955801,0.7955801104972375,0.7451657458563536,0.7161325966850829
1.0,0.9032258064516129,0.8655913978494624,0.831989247311828,0.8088172043010753
1.0,0.8774038461538461,0.8237179487179488,0.7794471153846154,0.7566346153846154
